"","code","occupation","AI_exposure_index","quartile","wage"
"1","1111","Legislators",0.111111111111111,"Medium low",30453
"2","1112","Senior Government Officials",0.285714285714286,"Medium low",6282
"3","1113","Traditional Chiefs And Heads Of Village",0.285714285714286,"Medium low",3532
"4","1114","Senior Officials Of Special-Interest Organisations",0.5,"Medium high",NA
"5","1121","Managing Directors And Chief Executives",0.0909090909090909,"Medium low",5574
"6","1211","Finance Managers",0.555555555555556,"Medium high",5440
"7","1212","Human Resource Managers",0.75,"Medium high",6094
"8","1213","Policy And Planning Managers",1,"High",6734
"9","1214","Business Services Managers",0.833333333333333,"High",5899
"10","1215","Administrative Managers",0.75,"Medium high",5332
"11","1216","Quality Managers",0.666666666666667,"Medium high",NA
"12","1221","Sales And Marketing Managers",0.818181818181818,"Medium high",4976
"13","1222","Advertising And Public Relations Managers",0.666666666666667,"Medium high",5338
"14","1223","Research And Development Managers",0.428571428571429,"Medium low",5227
"15","1311","Agricultural, Forestry And Livestock Production Managers",0.75,"Medium high",4614
"16","1312","Aquaculture And Fisheries Production Managers",0.571428571428571,"Medium high",4516
"17","1321","Manufacturing Managers",0.571428571428571,"Medium high",5227
"18","1322","Mining Managers",0.6,"Medium high",4968
"19","1323","Construction Managers",0.7,"Medium high",5091
"20","1324","Supply, Distribution And Related Managers",1,"High",4580
"21","1411","Hotel And Homestay Managers",0.733333333333333,"Medium high",5545
"22","1412","Restaurant Managers",0.666666666666667,"Medium high",3475
"23","1421","Retail And Wholesale Trade Managers",0.8,"Medium high",4761
"24","1511","Information And Communications Technology Managers",0.454545454545455,"Medium high",7137
"25","1611","Child Care Services Managers",0.555555555555556,"Medium high",11923
"26","1612","Health Services Managers",0.625,"Medium high",4930
"27","1613","Aged Care Services Managers",0.6,"Medium high",NA
"28","1614","Social Welfare Managers",0.714285714285714,"Medium high",14959
"29","1615","Education Managers",0.727272727272727,"Medium high",8596
"30","1616","Financial And Insurance Services Branch Managers",0.833333333333333,"High",NA
"31","1617","Legal Managers",0.642857142857143,"Medium high",6696
"32","1618","Property Managers",1,"High",NA
"33","1621","Sports And Recreation Centre Managers",0.727272727272727,"Medium high",1136
"34","1622","Personal Care, Cleaning And Related Services Managers",0.714285714285714,"Medium high",7062
"35","1623","Security Managers",0.545454545454546,"Medium high",4602
"36","1624","Cultural Centre, Museum And Library Managers",0.727272727272727,"Medium high",4116
"37","2111","Physicists And Astronomers",0.5,"Medium high",6918
"38","2112","Meteorologists And Seismologists",1,"High",4631
"39","2113","Chemists",0.777777777777778,"Medium high",4911
"40","2114","Geologists And Geophysicists",0.571428571428571,"Medium high",9718
"41","2121","Mathematicians, Actuaries And Statisticians",1,"High",6295
"42","2131","Biologists, Botanists, Zoologists And Related Professionals",0.6,"Medium high",8705
"43","2132","Farming, Forestry, Plantation, And Fisheries Advisers",0.909090909090909,"High",4857
"44","2133","Environmental Protection Professionals",0.769230769230769,"Medium high",5753
"45","2134","Pharmacologists, Pathologists And Related Professionals",0.444444444444444,"Medium high",5608
"46","2141","Industrial And Production Engineers",0.857142857142857,"High",4664
"47","2142","Civil Engineers",0.7,"Medium high",4822
"48","2143","Environmental Engineers",0.888888888888889,"High",5515
"49","2144","Mechanical Engineers",0.818181818181818,"Medium high",4983
"50","2145","Chemical Engineers",0.9,"High",6346
"51","2146","Mining Engineers, Metallurgists And Related Professionals",0.909090909090909,"High",7808
"52","2149","Engineering Professionals (Excluding Electrotechnology) Not Elsewhere Classified",0.571428571428571,"Medium high",4361
"53","2151","Electrical Engineers",0.8,"Medium high",4984
"54","2152","Electronic Engineers",0.5,"Medium high",6014
"55","2153","Telecommunications Engineers",0.857142857142857,"High",4851
"56","2161","Building Architects",0.727272727272727,"Medium high",4894
"57","2162","Landscape Architects",0.714285714285714,"Medium high",5857
"58","2163","Product And Garment Designers",0.875,"High",4030
"59","2164","Town And Traffic Planners",0.777777777777778,"Medium high",5977
"60","2165","Cartographers And Surveyors",0.625,"Medium high",4556
"61","2166","Graphic And Multimedia Designers",0.9,"High",4455
"62","2171","Ship Engineers",0.375,"Medium low",5462
"63","2172","Ship Deck Officers And Pilots",0.333333333333333,"Medium low",6716
"64","2173","Aircraft Pilots And Related Professionals",0.181818181818182,"Medium low",17836
"65","2174","Air Traffic Controllers",0.125,"Medium low",6734
"66","2175","Train/ Locomotive Controllers",0.75,"Medium high",4971
"67","2181","Mining Professionals",1,"High",NA
"68","2182","Manufacturing Professionals",0.666666666666667,"Medium high",5366
"69","2183","Construction Professionals",0.75,"Medium high",5690
"70","2211","Generalist Medical Practitioners",0.222222222222222,"Medium low",5911
"71","2212","Specialist Medical Practitioners",0.0714285714285714,"Medium low",7800
"72","2221","Nursing Professionals",0.2,"Medium low",3809
"73","2222","Midwifery Professionals",0.285714285714286,"Medium low",NA
"74","2231","Traditional And Complementary Medicine Professionals",0.571428571428571,"Medium high",3162
"75","2241","Paramedical Practitioners",0.571428571428571,"Medium high",5463
"76","2251","Veterinarians",0.272727272727273,"Medium low",5496
"77","2261","Dentists",0,"Low",5744
"78","2262","Pharmacists",0.875,"High",5234
"79","2263","Environmental And Occupational Health And Hygiene Professionals",0.833333333333333,"High",5851
"80","2264","Physiotherapists",0.230769230769231,"Medium low",5000
"81","2265","Dieticians And Nutritionists",0.923076923076923,"High",5538
"82","2266","Audiologists And Speech Therapists",0.307692307692308,"Medium low",2869
"83","2267","Optometrists And Ophthalmic Opticians",0.375,"Medium low",5960
"84","2268","Occupational Therapists",0.0833333333333333,"Medium low",NA
"85","2269","Health Professionals Not Elsewhere Classified",0.571428571428571,"Medium high",4852
"86","2311","University And Higher Education Teaching Professionals",0.777777777777778,"Medium high",7834
"87","2321","Vocational Education Teachers",0.714285714285714,"Medium high",5480
"88","2331","Secondary School Teachers",0.571428571428571,"Medium high",5966
"89","2341","Primary School Teachers",0.428571428571429,"Medium low",5607
"90","2342","Early Childhood Educators",0.166666666666667,"Medium low",3323
"91","2351","Music Teachers",0.555555555555556,"Medium high",3750
"92","2352","Arts Teachers",0.666666666666667,"Medium high",4035
"93","2353","Performing Arts Teachers",0.555555555555556,"Medium high",4080
"94","2361","Language Teachers",0.875,"High",6105
"95","2371","Religious Teachers",0.375,"Medium low",2435
"96","2381","Vocational Training Officers",0.916666666666667,"High",5371
"97","2391","Education Method Specialists",0.818181818181818,"Medium high",8024
"98","2392","Special Needs Teachers",0.142857142857143,"Medium low",4466
"99","2393","Information Technology Trainers",0.75,"Medium high",NA
"100","2399","Teaching Professionals Not Elsewhere Classified",0.636363636363636,"Medium high",4776
"101","2411","Accountants And Auditors",1,"High",4452
"102","2412","Financial And Investment Advisers",1,"High",5166
"103","2413","Financial Analysts",1,"High",6787
"104","2421","Management And Organisation Analysts",1,"High",5234
"105","2422","Policy Administration Professionals",1,"High",7212
"106","2423","Personnel And Career Professionals",1,"High",4562
"107","2424","Training And Staff Development Professionals",1,"High",4490
"108","2425","Administrative Professionals",1,"High",4750
"109","2426","Research And Development Professionals",0.888888888888889,"High",5732
"110","2431","Advertising And Marketing Professionals",1,"High",5041
"111","2432","Public Relations Professionals",0.916666666666667,"High",3901
"112","2433","Technical And Medical Sales Professionals (Excluding ICT)",1,"High",5983
"113","2434","Information And Communications Technology (ICT) Sales Professionals",1,"High",5773
"114","2511","Computer Systems Analysts",1,"High",5871
"115","2512","Software Developers",1,"High",6387
"116","2513","Web And Multimedia Developers",1,"High",3664
"117","2514","Application Programmers",1,"High",4904
"118","2519","Software And Application Developers And Analysts Not Elsewhere Classified",0.833333333333333,"Medium high",4492
"119","2521","Database Designers And Administrators",1,"High",4953
"120","2522","Information Technology System Administrators",1,"High",5447
"121","2523","Computer Network Professionals",0.875,"High",4844
"122","2524","Data Professionals",1,"High",NA
"123","2531","Cyber Security Professionals",0.714285714285714,"Medium high",NA
"124","2541","Animation And Visual Effects Professionals",0.777777777777778,"Medium high",NA
"125","2542","Digital Games And E-Sport Professionals",0.888888888888889,"High",NA
"126","2543","Creative Contents Designer Professionals",0.888888888888889,"High",NA
"127","2611","Lawyers",0.25,"Medium low",6029
"128","2612","Judges",0.142857142857143,"Medium low",14663
"129","2619","Legal Professionals Not Elsewhere Classified",0.857142857142857,"High",5587
"130","2711","Hotel Professionals",0.8,"Medium high",4907
"131","2712","Restaurant Professionals",0.666666666666667,"Medium high",3110
"132","2811","Archivists And Curators",0.888888888888889,"High",4613
"133","2812","Librarians And Related Information Professionals",0.875,"High",5138
"134","2821","Economists",1,"High",5477
"135","2822","Sociologists, Anthropologists And Related Professionals",0.8,"Medium high",6158
"136","2823","Philosophers, Historians And Political Scientists",0.857142857142857,"High",NA
"137","2824","Psychologists",0.428571428571429,"Medium low",6120
"138","2825","Social Work And Counselling Professionals",0.5,"Medium high",5106
"139","2826","Religious Professionals",0,"Low",4263
"140","2831","Authors And Related Writers",1,"High",4748
"141","2832","Journalists",0.888888888888889,"High",5003
"142","2833","Translators, Interpreters And Other Linguists",1,"High",4095
"143","2841","Visual Artists",0.636363636363636,"Medium high",1922
"144","2842","Musicians, Singers And Composers",0.5,"Medium high",3011
"145","2843","Dancers And Choreographers",0,"Low",7071
"146","2844","Film, Stage And Related Directors And Producers",0.625,"Medium high",6550
"147","2845","Actors",0.4,"Medium low",NA
"148","2846","Announcers On Radio, Television And Other Media",1,"High",4595
"149","2847","Clowns, Magicians, Acrobats And Related Professionals",0,"Low",NA
"150","2849","Creative And Performing Artists Not Elsewhere Classified",0.75,"Medium high",6245
"151","2911","Professional Customs And Border Inspectors",0.7,"Medium high",5109
"152","2912","Profesional Taxation And Excise Officials",1,"High",5277
"153","2913","Professional Government Social Benefit Officials",1,"High",7315
"154","2914","Professional Government Licensing Officials",1,"High",4959
"155","2915","Professional Police Inspectors And Detectives",0.333333333333333,"Medium low",6201
"156","2916","Professional Civil Officials",0.777777777777778,"Medium high",5253
"157","2919","Regulatory Government Professionals Not Elsewhere Classified",1,"High",5218
"158","3111","Chemical And Physical Science Technicians",0.636363636363636,"Medium high",3436
"159","3112","Civil Engineering Technicians",0.875,"High",2924
"160","3113","Electrical Engineering Technicians",1,"High",3061
"161","3114","Electronics Engineering Technicians",1,"High",2947
"162","3115","Mechanical Engineering Technicians",1,"High",2694
"163","3116","Chemical Engineering Technicians",0.857142857142857,"High",4821
"164","3117","Mining And Metallurgical Technicians",1,"High",3079
"165","3118","Draughtspersons And Surveying Technicians",1,"High",3347
"166","3119","Industrial And Production Technicians",0.75,"Medium high",2820
"167","3121","Mining Supervisors",0.833333333333333,"Medium high",4337
"168","3122","Manufacturing Supervisors",1,"High",2912
"169","3123","Construction Supervisors",0.5,"Medium high",2852
"170","3129","Other Supervisors Not Elsewhere Classified",1,"High",2802
"171","3131","Power Production Plant Operators",0.428571428571429,"Medium low",1847
"172","3132","Incinerator And Water Treatment Plant Operators",0.25,"Medium low",1764
"173","3133","Chemical Processing Plant Controllers",0.428571428571429,"Medium low",2613
"174","3134","Petroleum And Natural Gas Refining Plant Operators",0.333333333333333,"Medium low",1663
"175","3135","Metal Production Process Controllers",0.222222222222222,"Medium low",2916
"176","3141","Life Science Technicians (Excluding Medical)",0.666666666666667,"Medium high",2956
"177","3142","Agricultural And Livestock Technicians",0.5,"Medium high",3695
"178","3143","Forestry Technicians",0.545454545454546,"Medium high",4146
"179","3144","Fishery Technicians",0.571428571428571,"Medium high",3499
"180","3151","Aircraft Technicians",0,"Low",3638
"181","3152","Ship/ Marine Technicians",0.272727272727273,"Medium low",4296
"182","3153","Train/ Locomotive Technicians",0.2,"Medium low",2462
"183","3154","Motor Vehicle Technicians",0,"Low",2773
"184","3159","Transport Technicians Not Elsewhere Classified",0.75,"Medium high",3367
"185","3161","Nuclear Research And Development Associate Professionals",0.571428571428571,"Medium high",NA
"186","3211","Medical Imaging And Therapeutic Equipment Technicians",0.166666666666667,"Medium low",4061
"187","3212","Medical And Pathology Laboratory Technicians",0.25,"Medium low",3970
"188","3213","Pharmaceutical Technicians And Assistants",0.4,"Medium low",3012
"189","3214","Medical And Dental Prosthetic Technicians",0.166666666666667,"Medium low",2236
"190","3215","Orthotic And Prosthetic Technicians",0.333333333333333,"Medium low",2845
"191","3221","Nursing Associate Professionals (Except Dental)",0,"Low",4335
"192","3222","Midwifery Associate Professionals",0.428571428571429,"Medium high",3812
"193","3231","Traditional And Complementary Medicine Associate Professionals",0.666666666666667,"Medium high",3265
"194","3241","Veterinary Technicians And Assistants",0.25,"Medium low",3437
"195","3251","Dental Assistants And Therapists",0.428571428571429,"Medium high",3769
"196","3252","Medical Record And Health Information Technicians",1,"High",2601
"197","3253","Community Health Workers",0.5,"Medium high",5963
"198","3254","Dispensing Opticians",0.571428571428571,"Medium high",4115
"199","3255","Physiotherapy Technicians And Assistants",0.2,"Medium low",2893
"200","3256","Medical Assistants",0.4,"Medium low",4193
"201","3257","Environmental And Occupational Health Inspectors And Associates",0.5,"Medium high",2003
"202","3258","Ambulance Assistants",0.2,"Medium low",1736
"203","3259","Health Associate Professionals Not Elsewhere Classified",0.8,"Medium high",6695
"204","3311","Securities And Finance Dealers And Brokers",1,"High",4389
"205","3312","Credit And Loan Officers",1,"High",4442
"206","3313","Accounting And Auditing Associate Professionals",1,"High",3248
"207","3314","Statistical, Mathematical And Actuarial Associate Professionals",1,"High",3680
"208","3315","Valuers And Loss Assessors",0.8,"Medium high",3544
"209","3321","Insurance Representatives",1,"High",4295
"210","3322","Commercial Sales Representatives",1,"High",2714
"211","3323","Buyers",1,"High",3372
"212","3324","Trade Brokers",1,"High",6529
"213","3331","Clearing And Forwarding Agents",1,"High",4649
"214","3332","Conference And Event Agents",1,"High",1813
"215","3333","Employment Agents And Contractors",1,"High",2500
"216","3334","Real Estate And Property Agents",1,"High",3646
"217","3339","Business Services Agents Not Elsewhere Classified",0.833333333333333,"Medium high",1813
"218","3341","Administrative Associate Professionals",1,"High",3138
"219","3342","Legal Secretaries",0.9,"High",3503
"220","3343","Administrative And Executive Secretaries",1,"High",2906
"221","3344","Medical Secretaries",1,"High",1461
"222","3411","Legal And Related Associate Professionals",0.833333333333333,"High",3262
"223","3511","Information And Communications Technology Operation Technicians",0.714285714285714,"Medium high",3170
"224","3512","Information And Communications Technology User Support Technicians",0.666666666666667,"Medium high",2831
"225","3513","Computer Network And Systems Technicians",0.714285714285714,"Medium high",3296
"226","3514","Web Technicians",1,"High",6491
"227","3521","Broadcasting And Audio-Visual Technicians",0.5,"Medium high",3435
"228","3522","Telecommunications Engineering Technicians",1,"High",2891
"229","3611","Social Work Associate Professionals",0.555555555555556,"Medium high",3679
"230","3621","Athletes And Sports Players",0.222222222222222,"Medium low",1865
"231","3622","Sports Coaches, Instructors And Officials",0.571428571428571,"Medium high",3228
"232","3623","Fitness And Recreation Instructors And Programme Leaders",0.5,"Medium high",2908
"233","3631","Photographers",0.454545454545455,"Medium high",2722
"234","3632","Interior Designers And Decorators",0.875,"High",3771
"235","3633","Gallery, Museum And Library Associate Professionals",0.777777777777778,"Medium high",3299
"236","3634","Cultural And Artistic Associate Professionals",0.5,"Medium high",4136
"237","3641","Chefs",0.333333333333333,"Medium low",3154
"238","3711","Customs And Border Inspector Associate Professionals",0.333333333333333,"Medium low",2437
"239","3712","Taxation And Excise Official Associate Professionals",0.9,"High",4596
"240","3713","Government Social Benefit Official Associate Professionals",1,"High",5070
"241","3714","Government Licensing Official Associate Professionals",0.857142857142857,"High",3567
"242","3715","Police Officers",0.166666666666667,"Medium low",4474
"243","3716","Civil Defence Associate Professionals",1,"High",2757
"244","3719","Regulatory Government Associate Professionals Not Elsewhere Classified",0.8,"Medium high",3696
"245","4111","General Office Clerks",0.777777777777778,"Medium high",2042
"246","4121","Secretaries (General)",1,"High",3046
"247","4131","Typist",1,"High",1763
"248","4132","Data Entry Clerks",1,"High",1833
"249","4211","Bank Tellers And Related Clerks",1,"High",2800
"250","4212","Bookmakers, Croupiers And Related Gaming Workers",0.833333333333333,"Medium high",1453
"251","4213","Pawnbrokers And Money-Lenders",1,"High",2372
"252","4214","Debt And Rent Collectors And Related Workers",1,"High",1797
"253","4221","Travel Consultants And Related Clerks",1,"High",2312
"254","4222","Contact Centre Information Clerks",1,"High",1813
"255","4223","Telephone Operators",1,"High",2630
"256","4224","Receptionists",0.916666666666667,"High",1519
"257","4225","Enquiry Clerks",1,"High",2316
"258","4226","Survey And Market Research Interviewers",1,"High",2374
"259","4229","Client Information Workers Not Elsewhere Classified",1,"High",2931
"260","4311","Accounting And Book-Keeping Clerks",1,"High",1933
"261","4312","Statistical, Finance And Insurance Clerks",1,"High",2339
"262","4313","Payroll Clerks",1,"High",1645
"263","4321","Stock Clerks",0.666666666666667,"Medium high",1861
"264","4322","Production Clerks",1,"High",2492
"265","4323","Transport Clerks",1,"High",2744
"266","4411","Library Clerks",0.857142857142857,"High",3854
"267","4412","Mail Carriers And Sorting Clerks",0.4,"Medium low",2147
"268","4413","Coding, Proof-Reading And Related Clerks",1,"High",2110
"269","4414","Scribes And Related Workers",1,"High",2424
"270","4415","Filing And Copying Clerks",0.833333333333333,"High",2636
"271","4416","Personnel Clerks",1,"High",2519
"272","4419","Clerical Support Workers Not Elsewhere Classified",1,"High",2316
"273","5111","Travel Attendants And Travel Stewards",0,"Low",2011
"274","5112","Transport Conductors",0.25,"Medium low",1845
"275","5113","Travel Guides",0.666666666666667,"Medium high",1730
"276","5121","Cooks",0.333333333333333,"Medium low",1622
"277","5131","Waiters",0.142857142857143,"Medium low",1211
"278","5132","Bartenders",0.222222222222222,"Medium low",1140
"279","5141","Hairdressers",0.142857142857143,"Medium low",1679
"280","5142","Beauticians And Related Workers",0.0769230769230769,"Medium low",1812
"281","5151","Cleaning And Housekeeping Supervisors In Offices, Hotels And Other Establishments",0.111111111111111,"Medium low",1618
"282","5152","Domestic Housekeepers",0.1,"Medium low",2101
"283","5153","Building Caretakers",0.375,"Medium low",2331
"284","5161","Astrologers, Fortune-Tellers And Related Workers",1,"High",NA
"285","5162","Companions And Valets",0,"Low",NA
"286","5163","Undertakers And Embalmers",0.125,"Medium low",1845
"287","5164","Pet Groomers And Animal Care Workers",0,"Low",1692
"288","5165","Driving Instructors",0.333333333333333,"Medium low",1769
"289","5169","Personal Services Workers Not Elsewhere Classified",0,"Low",2133
"290","5211","Stall And Market Salespersons",0.666666666666667,"Medium high",1692
"291","5212","Street Food Salespersons",0,"Low",1613
"292","5221","Shopkeepers",0.428571428571429,"Medium high",1845
"293","5222","Shop Supervisors",0.777777777777778,"Medium high",1995
"294","5223","Shop Sales Assistants",0.777777777777778,"Medium high",1317
"295","5231","Cashiers And Ticket Clerks",0.333333333333333,"Medium low",1338
"296","5241","Fashion And Other Models",0.166666666666667,"Medium low",1733
"297","5242","Sales Demonstrators",0.571428571428571,"Medium high",1592
"298","5243","Door-To-Door Salespersons",0.428571428571429,"Medium high",1800
"299","5244","Contact Centre Salespersons",1,"High",2065
"300","5245","Service Station And Pump Attendants",0.111111111111111,"Medium low",1226
"301","5246","Food Counter Attendants",0.2,"Medium low",1163
"302","5249","Sales Workers Not Elsewhere Classified",0.571428571428571,"Medium high",2484
"303","5311","Child Care Workers",0,"Low",1491
"304","5312","Teachers Aides",0.125,"Medium low",2765
"305","5321","Health Care Assistants",0,"Low",2695
"306","5322","Home-Based Personal Care Workers",0.2,"Medium low",1060
"307","5411","Fire Fighters",0.125,"Medium low",3506
"308","5412","Low Rank Police Officers",0.125,"Medium low",3854
"309","5413","Prison Guards",0,"Low",3523
"310","5414","Security Guards",0,"Low",1642
"311","5415","Immigration/ Customs Officers And Assistants",0.6,"Medium high",3376
"312","5419","Protective Services Workers Not Elsewhere Classified",0,"Low",1739
"313","6111","Field Crop Growers",0.5,"Medium high",1901
"314","6112","Shrub Crop Growers",0.571428571428571,"Medium high",1527
"315","6113","Gardeners, Horticultural And Nursery Growers",0.125,"Medium low",2918
"316","6114","Mixed Crop Growers",0.4,"Medium low",2784
"317","6115","Vegetable Growers",0.333333333333333,"Medium low",NA
"318","6121","Livestock And Dairy Producers",0.3,"Medium low",1250
"319","6122","Poultry Producers",0.2,"Medium low",2739
"320","6123","Apiarists And Sericulturists",0.5,"Medium high",1928
"321","6129","Animal Producers And Related Workers Not Elsewhere Classified",0.25,"Medium low",2122
"322","6131","Mixed Crop And Animal Producers",0.444444444444444,"Medium high",2188
"323","6211","Skilled Forestry And Related Workers",0,"Low",2522
"324","6221","Fishery And Aquaculture Producers",0.111111111111111,"Medium low",1570
"325","6222","Skilled Inland And Coastal Waters Fishery Workers",0,"Low",1430
"326","6223","Skilled Deep-Sea Fishery Workers",0,"Low",1120
"327","6224","Hunters And Trappers",0,"Low",2092
"328","6311","Subsistence Crop Farmers",0.2,"Medium low",2092
"329","6321","Subsistence Livestock Farmers",0.5,"Medium high",1487
"330","6331","Subsistence Mixed Crop And Livestock Farmers",0.444444444444444,"Medium high",1947
"331","7111","House Builders And Construction Workers",0,"Low",NA
"332","7112","Bricklayers And Related Workers",0,"Low",1312
"333","7113","Stonemasons, Stone Cutters, Splitters And Carvers",0,"Low",NA
"334","7114","Concrete Placers, Concrete Finishers And Related Workers",0,"Low",1442
"335","7115","Carpenters And Joiners",0,"Low",1676
"336","7119","Building Frame And Related Trades Workers Not Elsewhere Classified",0,"Low",1724
"337","7121","Roofers",0.2,"Medium low",1296
"338","7122","Floor Layers And Tile Setters",0,"Low",1733
"339","7123","Plasterers",0,"Low",1664
"340","7124","Insulation Workers",0.166666666666667,"Medium low",1469
"341","7125","Glaziers",0,"Low",1595
"342","7126","Plumbers And Pipe Fitters",0,"Low",2183
"343","7127","Air Conditioning And Refrigeration Mechanics",0.2,"Medium low",1833
"344","7131","Painters And Related Workers",0,"Low",1442
"345","7132","Spray Painters And Varnishers",0,"Low",1730
"346","7133","Building Structure Cleaners",0,"Low",2297
"347","7211","Metal Moulders And Coremakers",0,"Low",2910
"348","7212","Welders And Flame Cutters",0,"Low",1797
"349","7213","Sheet-Metal Workers",0,"Low",2083
"350","7214","Structural-Metal Preparers And Erectors",0,"Low",1845
"351","7215","Riggers And Cable Splicers",0,"Low",1845
"352","7221","Blacksmiths, Hammersmiths And Forging-Press Workers",0,"Low",2794
"353","7222","Toolmakers And Related Workers",0,"Low",1821
"354","7223","Metal Working Machine Tool Setters And Operators",0,"Low",1692
"355","7224","Metal Polishers, Wheel Grinders And Tool Sharpeners",0,"Low",1845
"356","7231","Motor Vehicle Mechanics And Repairers",0,"Low",1845
"357","7232","Aircraft Engine Mechanics And Repairers",0,"Low",2891
"358","7233","Agricultural And Industrial Machinery Mechanics And Repairers",0,"Low",1816
"359","7234","Bicycle And Related Repairers",0,"Low",NA
"360","7239","Machinery Mechanics And Repairers Not Elsewhere Classified",0,"Low",1918
"361","7311","Precision Instrument Makers And Repairers",0,"Low",2045
"362","7312","Musical Instrument Makers And Tuners",0,"Low",1130
"363","7313","Jewellery And Precious Metal Workers",0,"Low",2549
"364","7314","Potters And Related Workers",0,"Low",NA
"365","7315","Glass Makers, Cutters, Grinders And Finishers",0.166666666666667,"Medium low",1272
"366","7316","Sign Writers, Decorative Painters, Engravers And Etchers",0,"Low",1678
"367","7317","Handicraft Workers In Wood, Basketry And Related Materials",0,"Low",1667
"368","7318","Handicraft Workers In Textile, Leather And Related Materials",0,"Low",1692
"369","7319","Handicraft Workers Not Elsewhere Classified",0,"Low",1833
"370","7321","Pre-Press Workers",0.833333333333333,"High",1924
"371","7322","Printers",0.25,"Medium low",1692
"372","7323","Print Finishing And Binding Workers",0,"Low",1505
"373","7324","Printing And Photo Engravers And Etchers",0,"Low",NA
"374","7411","Building And Related Electricians",0,"Low",1847
"375","7412","Electrical Mechanics And Fitters",0,"Low",1845
"376","7413","Electrical Line Installers And Repairers",0,"Low",1674
"377","7421","Electronics Mechanics And Services",0,"Low",2349
"378","7422","Information And Communications Technology Installers And Services",0.142857142857143,"Medium low",1930
"379","7511","Meat And Fish Processing Workers And Related Food Preparers",0,"Low",1199
"380","7512","Bakers, Pastry And Pasta-Cooks, And Confectionery Makers",0,"Low",2475
"381","7513","Dairy-Product Makers",0,"Low",1692
"382","7514","Fruit, Vegetable And Related Preservers",0,"Low",3934
"383","7515","Food And Beverage Tasters And Graders",0,"Low",1336
"384","7516","Tobacco Preparers And Tobacco Product Makers",0,"Low",2513
"385","7611","Wood Treaters",0,"Low",NA
"386","7612","Cabinet-Makers And Related Workers",0,"Low",1492
"387","7613","Woodworking-Machine Tool Setters And Operators",0,"Low",1612
"388","7621","Tailors, Dressmakers, Furriers And Hatters",0,"Low",1692
"389","7622","Garment And Related Pattern-Makers And Cutters",0,"Low",1930
"390","7623","Shoemakers And Related Workers",0,"Low",2728
"391","7624","Upholsterers And Related Workers",0,"Low",1212
"392","7625","Pelt Dressers, Tanners And Fellmongers",0,"Low",NA
"393","7631","Underwater Divers",0.1,"Medium low",1938
"394","7632","Shotfirers And Blasters",0.125,"Medium low",1263
"395","7633","Product Graders And Testers (Excluding Foods And Beverages)",0.285714285714286,"Medium low",1204
"396","7634","Fumigators And Pest And Weed Controllers",0.444444444444444,"Medium high",1514
"397","7639","Other Related Craft Workers Not Elsewhere Classified",0,"Low",2556
"398","8111","Miners And Quarry Workers",0,"Low",2290
"399","8112","Mineral And Stone Processing Plant Operators",0,"Low",2618
"400","8113","Well Drillers And Borers And Related Workers",0,"Low",2680
"401","8114","Cement, Stone And Other Mineral Products Machine Operators",0,"Low",1869
"402","8121","Metal Processing Plant Operators",0,"Low",1840
"403","8122","Metal Finishing, Plating And Coating Machine Operators",0,"Low",2800
"404","8131","Chemical Products Plant And Machine Operators",0,"Low",2280
"405","8132","Photographic Products Machine Operators",0.142857142857143,"Medium low",1692
"406","8141","Rubber Products Machine Operators",0,"Low",1730
"407","8142","Plastic Products Machine Operators",0,"Low",1480
"408","8143","Paper Products Machine Operators",0,"Low",1632
"409","8151","Fibre Preparing, Spinning And Winding Machine Operators",0,"Low",1726
"410","8152","Weaving And Knitting Machine Operators",0,"Low",1692
"411","8153","Sewing Machine Operators",0,"Low",1017
"412","8154","Bleaching, Dyeing And Fabric Cleaning Machine Operators",0,"Low",1845
"413","8155","Fur And Leather Preparing Machine Operators",0,"Low",NA
"414","8156","Shoemaking And Related Machine Operators",0,"Low",1730
"415","8157","Laundry Machine Operators",0,"Low",1095
"416","8159","Textile, Fur And Leather Products Machine Operators Not Elesewhere Classified",0,"Low",1263
"417","8161","Food And Related Products Machine Operators",0,"Low",1542
"418","8171","Pulp And Papermaking Plant Operators",0,"Low",1692
"419","8172","Wood Processing Plant Operators",0,"Low",1412
"420","8173","Wood Products Machine Operators",0,"Low",1318
"421","8181","Glass And Ceramics Plant Operators",0,"Low",1516
"422","8182","Steam Engine And Boiler Operators",0,"Low",1730
"423","8183","Packing, Bottling And Labelling Machine Operators",0,"Low",1603
"424","8189","Stationary Plant And Machine Operators Not Elsewhere Classified",0,"Low",1747
"425","8211","Mechanical Machinery Assemblers",0,"Low",1861
"426","8212","Electrical And Electronic Equipment Assemblers",0,"Low",1776
"427","8213","Leather, Metal, Rubber And Plastic Products Assemblers",0,"Low",1500
"428","8219","Assemblers Not Elsewhere Classified",0,"Low",1501
"429","8221","Machine-Tool Setter-Operators",0,"Low",1730
"430","8311","Locomotive Engine Drivers",0.2,"Medium low",2307
"431","8312","Railway Brake, Signal And Switch Operators",0,"Low",1874
"432","8321","Motorcycle Riders (Drivers)",0.2,"Medium low",1814
"433","8322","Car, Taxi And Van Drivers",0.166666666666667,"Medium low",2504
"434","8331","Bus And Tram Drivers",0,"Low",2029
"435","8332","Heavy Truck And Lorry Drivers",0.166666666666667,"Medium low",1692
"436","8341","Mobile Farm And Forestry Plant Operators",0,"Low",1513
"437","8342","Earth-Moving And Related Plant Operators",0,"Low",1527
"438","8343","Crane, Hoist And Related Plant Operators",0,"Low",1830
"439","8344","Lifting Truck Operators",0.2,"Medium low",1845
"440","8351","Ships Deck Crews And Related Workers",0,"Low",1644
"441","9112","Cleaners And Helpers In Offices, Hotels And Other Establishments",0,"Low",1414
"442","9121","Hand Launderers And Ironers",0,"Low",1674
"443","9312","Civil Engineering Labourers",0,"Low",1153
"444","9313","Building Construction Labourers",0,"Low",1240
"445","9333","Transport And Storage Labourers",0.111111111111111,"Medium low",1512
"446","9334","Shelf Fillers",0,"Low",1601
"447","9411","Fast Food Preparers",0.125,"Medium low",1302
"448","9412","Kitchen Helpers",0,"Low",1211
"449","9511","Street And Related Service Workers",0.111111111111111,"Medium low",1220
"450","9521","Street Vendors (Excluding Food)",0,"Low",1757
"451","9611","Garbage Collectors",0,"Low",1211
"452","9613","Sweepers And Related Labourers",0,"Low",1315
"453","9621","Messengers, Package Deliverers And Luggage Porters",0,"Low",1882
"454","9622","Odd-Job Persons",0,"Low",1857
"455","9623","Meter Readers And Vending-Machine Collectors",0,"Low",1657
"456","9625","Attendants",0.222222222222222,"Medium low",2157
